{
    "$schema": "https://schema.management.azure.com/schemas/2019-04-01/deploymentParameters.json#",
    "contentVersion": "1.0.0.0",
    "parameters": {
        "appServiceName": {
            "value": "TeamsBotFramework"
        },
        "existingAppServicePlanName": {
            "value": ""
        },
        "existingAppServicePlanLocation": {
            "value": ""
        },
        "newAppServicePlanName": {
            "value": "TeamsBotFrameworkPlan"
        },
        "newAppServicePlanLocation": {
            "value": "West US"
        },
        "newAppServicePlanSku": {
            "value": {
                "name": "S1",
                "tier": "Standard",
                "size": "S1",
                "family": "S",
                "capacity": 1
            }
        },
        "appType": {
            "value": "SingleTenant"
        },
        "appId": {
            "value": "f54e4567-a2e9-4a5b-949d-89617677a78c"
        },
        "appSecret": {
            "value": "H9d8Q~QyM76aqhzE.jFR_7FBaTOVxZFs3c6lpbjc"
        },
        "tenantId": {
            "value": "ac58a972-b23a-4cf7-a09e-ac384ce8a7ed"
        },
        "UMSIName": {
            "value": ""
        },
        "UMSIResourceGroupName": {
            "value": ""
        }
    }
}