{
    "$schema": "https://schema.management.azure.com/schemas/2019-04-01/deploymentParameters.json#",
    "contentVersion": "1.0.0.0",
    "parameters": {
        "azureBotId": {
            "value": "TestBotId-3311"
        },
        "azureBotSku": {
            "value": "S1"
        },
        "azureBotRegion": {
            "value": "global"
        },
        "botEndpoint": {
            "value": "https://teamsbotframework.azurewebsites.net/api/messages"
        },
        "appType": {
            "value": "SingleTenant"
        },
        "appId": {
            "value": "f54e4567-a2e9-4a5b-949d-89617677a78c"
        },
        "UMSIName": {
            "value": ""
        },
        "UMSIResourceGroupName": {
            "value": ""
        },
        "tenantId": {
            "value": "ac58a972-b23a-4cf7-a09e-ac384ce8a7ed"
        }
    }
}