{
    "$schema": "https://schema.management.azure.com/schemas/2019-04-01/deploymentTemplate.json#",
    "contentVersion": "1.0.0.0",
    "parameters": {
        "azureBotId": {
            "type": "string",
            "metadata": {
                "description": "The globally unique and immutable bot ID."
            },
            "minLength": 1
        },
        "azureBotSku": {
            "type": "string",
            "defaultValue": "S1",
            "allowedValues": [
                "F0",
                "S1"
            ],
            "metadata": {
                "description": "The pricing tier of the Bot Service Registration. Allowed values: F0, S1 (default)."
            }
        },
        "azureBotRegion": {
            "type": "string",
            "defaultValue": "global",
            "allowedValues": [
                "global",
                "westeurope"
            ],
            "metadata": {
                "description": "Specifies the location of the Azure Bot. Allowed values: global (default), westeurope."
            }
        },
        "botEndpoint": {
            "type": "string",
            "defaultValue": "",
            "metadata": {
                "description": "The endpoint to handle client messages, e.g., https://<botappServiceName>.azurewebsites.net/api/messages."
            }
        },
        "appType": {
            "type": "string",
            "defaultValue": "MultiTenant",
            "allowedValues": [
                "MultiTenant",
                "SingleTenant",
                "UserAssignedMSI"
            ],
            "metadata": {
                "description": "Type of Bot Authentication, set as MicrosoftAppType in the Web App's Application Settings. Allowed values: MultiTenant (default), SingleTenant, UserAssignedMSI."
            }
        },
        "appId": {
            "type": "string",
            "metadata": {
                "description": "Active Directory App ID or User-Assigned Managed Identity Client ID, set as MicrosoftAppId in the Web App's Application Settings."
            },
            "minLength": 1
        },
        "UMSIName": {
            "type": "string",
            "defaultValue": "",
            "metadata": {
                "description": "The User-Assigned Managed Identity Resource name used for the Bot's Authentication (required for UserAssignedMSI)."
            }
        },
        "UMSIResourceGroupName": {
            "type": "string",
            "defaultValue": "",
            "metadata": {
                "description": "The Resource Group of the User-Assigned Managed Identity (required for UserAssignedMSI)."
            }
        },
        "tenantId": {
            "type": "string",
            "defaultValue": "[subscription().tenantId]",
            "metadata": {
                "description": "The Azure AD Tenant ID for Bot Authentication. Used for SingleTenant and UserAssignedMSI app types. Defaults to subscription's tenant ID."
            }
        }
    },
    "variables": {
        "botEndpoint": "[if(empty(parameters('botEndpoint')), concat('https://', parameters('azureBotId'), '.azurewebsites.net/api/messages'), parameters('botEndpoint'))]",
        "tenantId": "[if(empty(parameters('tenantId')), subscription().tenantId, parameters('tenantId'))]",
        "msiResourceId": "[if(empty(parameters('UMSIName')), '', concat('/subscriptions/', subscription().subscriptionId, '/resourceGroups/', parameters('UMSIResourceGroupName'), '/providers/Microsoft.ManagedIdentity/userAssignedIdentities/', parameters('UMSIName')))]",
        "appTypeDef": {
            "MultiTenant": {
                "tenantId": "",
                "msiResourceId": ""
            },
            "SingleTenant": {
                "tenantId": "[variables('tenantId')]",
                "msiResourceId": ""
            },
            "UserAssignedMSI": {
                "tenantId": "[variables('tenantId')]",
                "msiResourceId": "[variables('msiResourceId')]"
            }
        },
        "appType": {
            "tenantId": "[variables('appTypeDef')[parameters('appType')].tenantId]",
            "msiResourceId": "[variables('appTypeDef')[parameters('appType')].msiResourceId]"
        }
    },
    "resources": [
        {
            "type": "Microsoft.BotService/botServices",
            "apiVersion": "2021-05-01-preview",
            "name": "[parameters('azureBotId')]",
            "location": "[parameters('azureBotRegion')]",
            "kind": "azurebot",
            "sku": {
                "name": "[parameters('azureBotSku')]"
            },
            "properties": {
                "displayName": "[parameters('azureBotId')]",
                "endpoint": "[variables('botEndpoint')]",
                "msaAppId": "[parameters('appId')]",
                "msaAppTenantId": "[variables('appType').tenantId]",
                "msaAppMSIResourceId": "[variables('appType').msiResourceId]",
                "msaAppType": "[parameters('appType')]",
                "luisAppIds": [],
                "schemaTransformationVersion": "1.3",
                "isCmekEnabled": false,
                "isIsolated": false
            }
        }
    ]
}